{
	"partitions" : [
		{
			"name" : "Top",
			"pins" : [
				{
					"name" : "XO",
					"strict" : false
				},
				{
					"name" : "Display1[0]",
					"strict" : false
				},
				{
					"name" : "Display1[1]",
					"strict" : false
				},
				{
					"name" : "Display1[2]",
					"strict" : false
				},
				{
					"name" : "Display1[3]",
					"strict" : false
				},
				{
					"name" : "Display1[4]",
					"strict" : false
				},
				{
					"name" : "Display1[5]",
					"strict" : false
				},
				{
					"name" : "Display1[6]",
					"strict" : false
				},
				{
					"name" : "R[0]",
					"strict" : false
				},
				{
					"name" : "R[1]",
					"strict" : false
				},
				{
					"name" : "R[2]",
					"strict" : false
				},
				{
					"name" : "R[3]",
					"strict" : false
				},
				{
					"name" : "G[0]",
					"strict" : false
				},
				{
					"name" : "G[1]",
					"strict" : false
				},
				{
					"name" : "G[2]",
					"strict" : false
				},
				{
					"name" : "G[3]",
					"strict" : false
				},
				{
					"name" : "B[0]",
					"strict" : false
				},
				{
					"name" : "B[1]",
					"strict" : false
				},
				{
					"name" : "B[2]",
					"strict" : false
				},
				{
					"name" : "B[3]",
					"strict" : false
				},
				{
					"name" : "HSYNC",
					"strict" : false
				},
				{
					"name" : "VSYNC",
					"strict" : false
				},
				{
					"name" : "Player1Preview[0]",
					"strict" : false
				},
				{
					"name" : "Player1Preview[1]",
					"strict" : false
				},
				{
					"name" : "Player1Preview[2]",
					"strict" : false
				},
				{
					"name" : "Player1Preview[3]",
					"strict" : false
				},
				{
					"name" : "Player1Preview[4]",
					"strict" : false
				},
				{
					"name" : "Player1Preview[5]",
					"strict" : false
				},
				{
					"name" : "Player1Preview[6]",
					"strict" : false
				},
				{
					"name" : "Player1Preview[7]",
					"strict" : false
				},
				{
					"name" : "Player1Preview[8]",
					"strict" : false
				},
				{
					"name" : "Player2Preview[0]",
					"strict" : false
				},
				{
					"name" : "Player2Preview[1]",
					"strict" : false
				},
				{
					"name" : "Player2Preview[2]",
					"strict" : false
				},
				{
					"name" : "Player2Preview[3]",
					"strict" : false
				},
				{
					"name" : "Player2Preview[4]",
					"strict" : false
				},
				{
					"name" : "Player2Preview[5]",
					"strict" : false
				},
				{
					"name" : "Player2Preview[6]",
					"strict" : false
				},
				{
					"name" : "Player2Preview[7]",
					"strict" : false
				},
				{
					"name" : "Player2Preview[8]",
					"strict" : false
				},
				{
					"name" : "GAME_MODE_IN",
					"strict" : false
				},
				{
					"name" : "PLAY",
					"strict" : false
				},
				{
					"name" : "clock_i",
					"strict" : false
				},
				{
					"name" : "Bot_2",
					"strict" : false
				},
				{
					"name" : "Bot_1",
					"strict" : false
				}
			]
		}
	]
}